name,url,description,twitter,website
Claude by Anthropic,https://www.producthunt.com/products/claude,"We're an AI research company that builds reliable, interpretable, and steerable AI systems. Our first product is Claude, an AI assistant for tasks at any scale.",https://twitter.com/anthropicai,N/A
ChatGPT by OpenAI,https://www.producthunt.com/products/chatgpt,"An LLM to get instant answers, find creative inspiration, and learn something new. Free to use. Easy to try. Just ask and ChatGPT can help with writing, learning, brainstorming, and more.",https://twitter.com/openai,N/A
Groq Chat,https://www.producthunt.com/products/groq-chat,"A new type of end-to-end processing unit system that provides the fastest inference for computationally intensive applications with a sequential component to them, such as AI language applications (LLMs)",https://twitter.com/groqinc,N/A
Gemini AI,https://www.producthunt.com/products/gemini-ai,Gemini AI is your gateway to a world of AI-powered interactions and innovations! Chat Prompt: Engage in dynamic conversations with our AI. Freeform Prompt: Ever wondered what an AI sees in a photo? Structured Prompt: Train your own model using simple inputs.,N/A,N/A
DeepSeek,https://www.producthunt.com/products/deepseek,Chat with DeepSeek AI | Âíå DeepSeek AI ÂØπËØù,N/A,N/A
Vapi,https://www.producthunt.com/products/vapi,"Build, test and deploy voicebots in minutes rather than months.",N/A,N/A
MindPal,https://www.producthunt.com/products/mindpal-ai,"Build your AI workforce of agents and multi-agent workflows to automate thousands of tasks, as internal productivity tools, as lead magnets for your website, or for monetization. 1,500+ (and counting) business owners, entrepreneurs, marketers, and educators have been thriving with MindPal!",N/A,N/A
GPT 4o,https://www.producthunt.com/products/gpt-4o,"GPT 4o achieving real-time audiovisual responses, emotional audio outputs, and is a more powerful model than GPT 4. All users can use it for free.",N/A,N/A
Central (YC S24),https://www.producthunt.com/products/central-yc-s24,"Unlike traditional HR platforms, Central automates everything you need to operate a compliant startup, like state registrations, worker's compensation and other filings ‚Äì saving weeks of work, headaches and fines. Today, 100+ companies run on Central.",N/A,N/A
Coze,https://www.producthunt.com/products/coze,"Coze is a no-code AI bot builder. Whether you have coding experience or not, you can quickly turn your bot ideas into reality. Build powerful bots powered by Large Language Models, and publish them to various messaging apps like Discord, Telegram or Slack.",https://twitter.com/cozehq,N/A
Claude 2 AI,https://www.producthunt.com/products/claude-2-ai,"Claude 2 is an advanced language model developed by Anthropic AI. Claude 2 can process a wide variety of text files, such as PDFs and Word documents, providing insights based on the content.",N/A,N/A
Sider: AI Research Agent & Extension,https://www.producthunt.com/products/chatgpt-sidebar-chrome-extension,"Sider Deep Research Agent mimics human research process: scanning 100+ relevant sources and creating visualized reports. It automatically reflects on findings, highlights key information, takes inspirational notes, and saves above all materials to Wisebase‚Äîan evolving AI knowledge base that grows with you. For on-the-go research, Sider AI browser extension brings powerful tools anywhere you browse online, putting instant research assistance at your fingertips.",N/A,N/A
Fireflies.ai üëî,https://www.producthunt.com/products/fireflies-ai,"Record, transcribe and search your calls in one central place. Fireflies lets you search all your past convos and create action items in seconds. Easiest meeting minutes, ever.",https://twitter.com/firefliesai,N/A
Command AI,https://www.producthunt.com/products/commandai,"Command AI is an AI user assistant that lives in your product, helps your users find what they‚Äôre looking for, takes autonomous actions at their direction, and guides them to drive engagement and activation.",https://twitter.com/commandbar,N/A
BuildShip,https://www.producthunt.com/products/buildship,"BuildShip enables businesses to visually create AI workflows, APIs and automate any complex backend logic. Build with AI, create your own custom workflow nodes, connect to any tool, database or AI model to create a scalable backend for your apps. Build and Ship with no-code ease and low-code control.",N/A,N/A
ChainGPT,https://www.producthunt.com/products/chaingpt,"ChainGPT is a state-of-the-art artificial intelligence model that has been making waves in the field of AI and blockchain technology. ChainGPT can assist you with a wide range of tasks, such as: no-code smart-contract programming, debugging, analysis, and more",https://twitter.com/chain_gpt,N/A
RAFA,https://www.producthunt.com/products/rafa-2,"RAFA's AI Agents help you invest like an expert with personalized insights. It‚Äôs like having a team of experts, each specializing in one task: Fundamental analysis, Technicals, Momentum, Macro etc, all working together to maximize your portfolio 24/7.",https://twitter.com/finance_rafa,N/A
Reiki by Web3Go,https://www.producthunt.com/products/reiki-by-web3go,"Reiki is where creator economy meets AI and blockchain. Turn your creativity into profits with Reiki's AI creation toolkits, on-chain ownership proof, AI agents marketplace, and a thriving community of over 88K members.",https://twitter.com/reiki_web3go,N/A
GT Protocol Trading,https://www.producthunt.com/products/gt-protocol-trading,"A Web3 AI tech for CeFi, DeFi, and NFT markets via conversational AI. AI deal execution interface Automated AI trading In-depth market analysis (off-chain/on-chain) AI trading signals AI arbitrage Portfolio and NFT management",https://twitter.com/gt_protocol,N/A
Customerly,https://www.producthunt.com/products/live-chat-from-customerly,"Empower your support with AI for instant responses, smoothly transitioning to human teams for complex issues, and boosting satisfaction while cutting costs.",https://twitter.com/customerlyio,N/A
Chatwith,https://www.producthunt.com/products/chatwith,"Create a support agent trained on your content and back-end data. Let it handle all customer questions, from realtime inventory information to document generation. Boost your customer service and cut your support workload.",https://twitter.com/chatwithhq,N/A
G2,https://www.producthunt.com/products/g2,Easy and fast tool for Google Analytics Data Import feature. Verify your cost data and upload it in a few clicks without diving into CSV,https://twitter.com/G2dotcom,N/A
1min.AI,https://www.producthunt.com/products/1min-ai,"üîÆ 1min.AI is an all-in-one AI app that offers a variety of AI features powered by various AI models, with no hidden costs or setup required elsewhere

",N/A,N/A
Tiledesk,https://www.producthunt.com/products/chatbot-design-studio-by-tiledesk,"Design chatbots & conversational apps powered by Large Language Models (LLM).
Share them freely with our community of chatbot developers, automation specialists, conversation and prompt designers.
Mix & match AI with rules and a human element to bring your perfect conversation design to life üñ•‚ö°Ô∏èüí¨ 
It's open-source and it can be both on cloud or your own infrastructure. Without knowing how to code, and for free!",https://twitter.com/tiledesk,N/A
Tavus,https://www.producthunt.com/products/tavus,"Tavus is a market leading generative AI video research company on a mission to bring the human face and voice to online experiences at scale. Our frontier models and APIs enable the creation of digital twins, which power advanced video generation and real-time video conversations. Our technology is transforming industries including video production, marketing, sales, education, health, and the creator economy.  Based in San Francisco, we're backed by Sequoia, Scale VC, and Y Combinator.",https://twitter.com/heytavus,N/A
GPTBots.ai,https://www.producthunt.com/products/gptbots-ai,"GPTBots.ai provides end-to-end AI solutions for enterprises, implementing AI agents across customer service, knowledge search, data analysis, lead generation, and more‚Äîempowering businesses to lead in the AI era.",https://www.twitter.com/gptbots,N/A
GitMind,https://www.producthunt.com/products/gitmind,"GitMind is a AI-powered collaborative platform, integrating whiteboard, mind map, and flowchart tools. Inspire creativity in every individual and organization. GitMind works wherever you go. 
",https://twitter.com/gitmindmap,N/A
Typing Mind,https://www.producthunt.com/products/typing-mind,"Use ChatGPT with enhanced features like fast response, chat search, integrations, prompt library, etc. Use your own API Key, run locally on your browser, macOS App, and self-host available.",https://twitter.com/tdinh_me,N/A
Grok AI assistant,https://www.producthunt.com/products/grok-ai-assistant,"Grok: a witty, rebellious AI inspired by the Hitchhiker's Guide to the Galaxy. Real-time world knowledge via the ùïè platform, tackling spicy questions other AI assistants avoid answering. Early beta, but improving with your input! üöÄüìöü§ñ",N/A,N/A
re:tune,https://www.producthunt.com/products/re-tune,"Re:tune is an AI-driven platform that helps you create, train, and publish custom chatbots for sales, lead gen, and customer service.

With re:tune, you get all the tools you‚Äôll ever need to build intelligent, AI-powered chatbots in a matter of seconds!

Getting started is simple‚Äîjust add a short description to create a detailed prompt with the prompt generator and generate a custom chatbot in a snap!",https://twitter.com/retune_so,N/A
NewOaks AI,https://www.producthunt.com/products/newoaks-ai,"NewOaks AI is a chatbot builder by custom ChatGPT that can engage with your clients through Text SMS like Google Voice and Twilio, autoreply missed calls, and make appointments automatically 24X7.",https://twitter.com/newoaks_ai,N/A
Me.bot,https://www.producthunt.com/products/mindos,"Me.bot turns your notes into a second brain by understanding your inputs, connecting forgotten memories, and making sense of your world.",N/A,N/A
STORI,https://www.producthunt.com/products/stori-ai-beta,"STORI is a content marketing platform enabling teams of any size to build inbound channels.

- Creates structured marketing blueprints with strategic insights, like a CMO would do.
- Initiates and oversees ongoing campaigns to ensure consistent brand presence.
- Analyzes competitors, past materials, and industry data to refine and optimize your marketing strategies.

Agents support you from ideation to publishing. Growing your audience and building community.
",N/A,N/A
Sibyl AI,https://www.producthunt.com/products/sibyl-ai,"The world's first spiritual AI for Neophytes, Adepts, and Holistic Practitioners trained on volumes of rare metaphysical knowledge and experience. Freemium Plan, AI-to-AI Conversations, Chat Visualization, Speech Enabled, Multilingual support in 99 Languages.",https://twitter.com/sibyls_ai,N/A
ioni,https://www.producthunt.com/products/ioni,"Ioni is an AI agent platform that transforms compliance management by automating tasks like gap analysis, research, policy drafting, and contract creation. Using it, businesses can quickly adjust to changing regulations, saving time and improving efficiency. Whether it's managing complex rules or routine tasks, our platform provides fast and reliable solutions.",https://twitter.com/ioni_ai,N/A
Monica,https://www.producthunt.com/products/monica-3,"Monica is an extension powered by ChatGPT API that can chat with you about anything, generate copywriting using over 80 templates, and translate, rephrase, and explain text on any web page. It's available on all websites and can be accessed by hitting Cmd+M.",https://twitter.com/hey_im_monica,N/A
Rely.io,https://www.producthunt.com/products/rely-io-2,Rely.io's Internal Developer Portal enables engineering teams to consolidate and unify their engineering stack and gain automated visibility into their software ecosystem. Rely then provides a custom AI assistant trained on the data available in their software catalog so they can automate tasks throughout the software delivery life cycle (SDLC) to 10x their engineering productivity.,N/A,N/A
Tettra,https://www.producthunt.com/products/tettra,"Tettra is an AI powered knowledge management system that lets you:
1. Curate important company information into a knowledge base
2. Instantly answer team questions in Slack via an AI powered bot
3. Keep your knowledge up-to-date and organized with automation",https://twitter.com/tettra,N/A
TheB.AI,https://www.producthunt.com/products/theb-ai,"TheB.AI gives you access to a diverse range of cutting-edge models, spanning from advanced language models to powerful image models, and beyond, just through an easy-to-use interface or a unified API interface.",https://twitter.com/theb-ai-offcial,N/A
Markopolo AI,https://www.producthunt.com/products/markopolo-ai,"Markopolo AI is a cross-channel advertising SaaS capable of automating PPC campaigns in Facebook, Google, and Instagram. We've integrated GPT-3 based ad creation within it as an add-on so that users can experience an end-to-end digital advertising solution.",https://twitter.com/none,N/A
Voiceflow,https://www.producthunt.com/products/voiceflow,"Voiceflow is the leading conversation design platform used by 100,000+ people from companies big and small to build Assistants together. Whether it‚Äôs customer support or personal automation, you can collaboratively design, prototype and build Assistants of any scale or complexity on Voiceflow.

Give Voiceflow a try today at Voiceflow.com",https://twitter.com/voiceflowhq,N/A
Landbot.io,https://www.producthunt.com/products/landbot-io,"Landbot.io is a no-code chatbot platform that empowers businesses to build frictionless conversational experiences from end-to-end. Turning conversations into profitable outcomes, Landbot helps Marketing, Operations, and Customer Service teams triple their efficiency and cut operating costs by 30% or more. Whether it's for WhatsApp, Web, or Messenger, anyone can create automated chatbot flows to better engage customers where they are and increase conversion rates. Landbot is also leveraging recent advancements in AI and GPT-3 to help make the chatbot building experience even more accessible, combining the no-code capabilities of Landbot with GPT-3 and other LLMs.",https://twitter.com/landbot_io,N/A
Wati,https://www.producthunt.com/products/wati-by-clare-ai,"Wati is an end-to-end WhatsApp API solution specifically designed for small and medium-sized businesses (SMBs). With powerful chatbots, APIs, integrations, and customer intelligence, Wati helps SMBs streamline sales, marketing, and support. 

As traditional channels like email and SMS become less effective, businesses are turning to Wati for higher engagement and better ROI. Wati enables SMBs to efficiently acquire, nurture, and upsell customers through WhatsApp.",https://twitter.com/wati_io,N/A
Chat Chat,https://www.producthunt.com/products/chat-chat,Unlock next-level conversations with AI.,https://twitter.com/okisdev,N/A
Wing Assistant,https://www.producthunt.com/products/wing-assistant,"Wing is a 24/7 assistant powered by humans & AI that can handle anything, as long as it's legal and possible. All you have to do is place a request on our app, or text us, and we'll handle the rest. üòª",https://twitter.com/wingassistant,N/A
B2B Rocket,https://www.producthunt.com/products/b2b-rocket,"B2B Rocket is a revolutionary sales automation platform powered by proprietary AI agents. It navigates the entire sales lifecycle, from lead generation to conversion,",https://twitter.com/b2brocket,N/A
ChatPDF,https://www.producthunt.com/products/chatpdf,"ChatPDF is the fast and easy way to chat with any PDF, free and without sign-in. Talk to books, research papers, manuals, essays, legal contracts, whatever you have! Millions of students, researchers and professionals use this AI tool to instantly answer questions from any PDF file. ",https://twitter.com/xathis,N/A
Backona AI,https://www.producthunt.com/products/backona-ai,"Backona AI simplifies Google Analytics with real-time insights through a chat interface. Non-technical teams can interact with data, generate reports, unlock insights, and make faster, data-driven decisions.",https://twitter.com/backonaai,N/A
Tidio,https://www.producthunt.com/products/tidio-2,"Tidio Live Chat is a live chat service which allows you to communicate with your customers easily, also with the help of chatbots. A feature-rich free version with paid upgrades available pending your need.",https://twitter.com/tidiochat,N/A
Peppertype.ai,https://www.producthunt.com/products/peppertype-ai,Your virtual content assistant that helps you generate quality content within seconds.,https://twitter.com/peppertype_ai,N/A
SoulFun,https://www.producthunt.com/products/soulfun,"SoulFun is an AI chat app that supports you to chat with and even create your own AI characters with lifelike appearances, captivating storylines, and perfectly simulated real-life chat scenarios. You can also ask for photos from them and make voice calls.",N/A,N/A
Typefully 2.0,https://www.producthunt.com/products/typefully-2-0,Write and improve your content with AI. Grow your audience across Twitter and LinkedIn. Become more productive with a Command Bar.,https://twitter.com/typefully,N/A
MOB: Mother Of all Bots,https://www.producthunt.com/products/mob-mother-of-all-bots,"I‚Äôm a #Chatbot about #Bot Building #Platforms, super META üòÄ Tweets by @Barendjun.

#Chatbots #Bots #ConversationalAI #Voice #NLP",https://twitter.com/mobtweetz,N/A
Tactiq,https://www.producthunt.com/products/tactiq,"üëãLead the conversation and let Tactiq take care of the notes! 
üìù Bot-free high-quality real-time transcript
üíæ Instantly turn long transcripts into actionable workflows 
ü§ñ Let ChatGPT extract tasks and follow-ups for you.",https://twitter.com/tactiqhq,N/A
ChatGPT4o,https://www.producthunt.com/products/chatgpt4o,Ask ChatGPT 4o any question and get answers for free at ChatGPT4o.ai,N/A,N/A
ChatDOC - GPT for any file,https://www.producthunt.com/products/chatdoc,"Chat with any documents in various formats. Simply ask questions and get instant answers with cited sources! Select tables / texts as you like, ask targeted questions and get more accurate answers. Chat in multi-rounds to dive deeper on one topic in a *Thread*. Query across multiple files all at once and get summarized answers in *Collection*. Try it now and embrace a better way of learning!",https://twitter.com/chatdoc_ai,N/A
PatentBot 2.0,https://www.producthunt.com/products/patentbot-2-0,"PatentBot is the Bot of the 2017 Year by Product Hunt. For more than 1.5 years, PatentBot has helped to register trademarks in the USA, EU and Ukraine. It is a quick, easy, and cheap way to protect your IP rights.",https://twitter.com/patentbotlawyer,N/A
Vivi,https://www.producthunt.com/products/vivi-2,"Vivi is an intelligent entertainment software combined with AI that can talk and interact with people, answer questions, and assist in creation.

Download for IOS: https://apps.apple.com/id/app/vivi-sahabat-serbaguna-anda/id6477147301?l=id",N/A,N/A
Blaze,https://www.producthunt.com/products/blaze-4,"Blaze uses AI and automation to scan social posts, engagements and connections and help companies target the right potential customers with more compelling outreach as soon as they show interest on channels like X and LinkedIn.",https://twitter.com/blaze_ai,N/A
Moemate,https://www.producthunt.com/products/moemate,"Highly customizable AI studio featuring lifelike characters with skills such as screen perception, web search, selfie and image-gen. Equipped with voice cloning, custom image models and unlimited free chats. With Moemate you can have spoken conversations!",https://twitter.com/moemate_app,N/A
Personal AI,https://www.producthunt.com/products/personal-ai,"Personal.ai is on a mission to revolutionize human connection with our AI-first messaging platform. Our models are unique to and owned by each user. They can absorb massive amounts of unstructured user data, learn through basic chat, and create structured, time-bound memory stacks ‚Äì a private vault of your digital mind. These stacks allow you to seamlessly recall experiences by asking questions, drafting personal responses, and more. Stay tuned.",https://twitter.com/personalai_,N/A
ContentBot,https://www.producthunt.com/products/contentbot,"AI Automation At Its Best
Create custom AI Content Workflows, run through Imports, or simply use our AI Writer.",https://twitter.com/trycontentbot,N/A
"Skinive AI: Skin Scanner, health checkup",https://www.producthunt.com/products/skinive-ai-skin-health-scanner,"At Skinive we want to raise awareness of fight against skin diseases and provide people with simple&affordable solution for their early detection. Skinive helps users monitor skin's health by analyzing images of moles, rash, spots and other issues.",N/A,N/A
izTalk,https://www.producthunt.com/products/iztalk,"AI-powered real-time translation. Break language barriers instantly in calls, conferences & social interactions. Experience real-time, on-demand face-to-face translation - swift, secure, and precise. Elevate global communication effortlessly. Free trial now!",https://twitter.com/iztalk_ai,N/A
TARS,https://www.producthunt.com/products/tars,Tars helps marketers increase their PPC and paid ad conversion rate using chatbots based conversational landing pages.,N/A,N/A
GPTGO - Search & GPT,https://www.producthunt.com/products/gptgo-search-gpt,GPTGO is a prominent search engine that combines Google search technology and the intelligent response capabilities of ChatGPT for free. It is a modern search tool with many unique features.,N/A,N/A
AirOps,https://www.producthunt.com/products/airops,Task-specific AI Apps that go beyond ChatGPT.,https://twitter.com/airopshq,N/A
Octavia AI,https://www.producthunt.com/products/octavia-ai,"Meet Octavia, your Web3 Crypto AI Assistant powered by VIA Token. Revolutionize your trading & research with secure on/off-chain connectivity, personalized memory, & seamless integration. Join the waitlist for early access!",https://twitter.com/octaviatoken,N/A
Threado AI,https://www.producthunt.com/products/threado,"The AI Assistant that replaces knowledge search. Threado AI revolutionizes how your customer-facing teams access and get work done using company's internal knowledge. Setup in minutes on Slack, Microsoft Teams, or as a Chrome app.",https://twitter.com/threadoai,N/A
Hints,https://www.producthunt.com/products/hints,A new way to interact with software,https://twitter.com/hintsflow,N/A
Botisfy,https://www.producthunt.com/products/botisfy,"Build intelligent virtual assistants for your websites, facebook pages, and messaging apps. Attract your customers by automating your chat and providing real time assistant. Help your customers to generate qualified leads by asking contextual questions. You can reach faster to your prospects with messanger chatbot 10x more effectively",https://twitter.com/botsify_app,N/A
NoFilterGpt,https://www.producthunt.com/products/nofiltergpt,"No Filter GPT offers an anonymous secure AI chat service with absolute privacy. Ask anything, and we mean anything! NSFW, Political, the things CHATGPT wont answer! Our cloud-based model operates independently, providing an unfiltered, uncensored experience!",N/A,N/A
Rask AI,https://www.producthunt.com/products/ai-video-localization-dubbing-tool,"With the Rask AI Platform, you can effortlessly translate, dub, and repurpose your videos into engaging Shorts and tweets, reaching a global audience and connecting with diverse cultures and languages.

Optimize your creative workflow! Without switching to a different product, you can localize your Shorts and long-form videos into 130+ languages to suit any audience. Preserve the uniqueness of your brand voice worldwide through advanced Lip-Sync and AI VoiceCloning technologies.",https://twitter.com/rask_ai,N/A
Knowlee,https://www.producthunt.com/products/knowlee,"Unlock the power of Knowlee, your AI-driven assistant. Knowlee adapts from diverse user sources, delivering tailored insights and automating content creation. Whether it's financial insights, market trends, or content automation, Knowlee is there.",https://twitter.com/knowleeai,N/A
Listnr AI,https://www.producthunt.com/products/listnr,"Listnr helps users create realistic AI content, choose from over 900+ voices in 142 languages. We serve more than 1.2 million users across the world üåè

We've been working hard these past few months to make sure we deliver the best voice quality with Listnr to all our users.",https://twitter.com/listnrai,N/A
Typewise,https://www.producthunt.com/products/typewise,Boosting productivity 2-3x with text prediction software. Available as enterprise solution and API for developers. Previously built keyboard app for iOS and Android users.,https://twitter.com/typewise_app,N/A
PatentBot,https://www.producthunt.com/products/patentbot,"PatentBot is the first legal chatbot that helps you to register your cool trademark in FB messenger. You should just answer bot questions to check the availability of a trademark and register it. Our Bot was mentioned to be best legal innovation in 2017 by HiiL Justice Accelerator. So no more need to go to lawyers, just TM it!",https://twitter.com/patentbotlawyer,N/A
SilFer Bots,https://www.producthunt.com/products/silfer-bots,"SilFer Bots enables you to automate your business sales, marketing and be there for your customers 24/7. ‚†Ä Not only will you be able to communicate through Messenger, but we also allow you to use SMS, WhatsApp, Email And very soon even Instagram too.",https://twitter.com/silferbots,N/A
Vana,https://www.producthunt.com/products/vana-2,"Vana lets you create a mini-""you"" using the power of your data and AI. Clone your voice, generate selfies, and learn about what your data says back to you. Take AI-""you"" to applications and explore personalized games, simulations and AI assistant tools.",https://twitter.com/vanahq_,N/A
MeetMinutes,https://www.producthunt.com/products/meetminutes,"MeetMinutes is the 1st Agentic AI Meeting Management tool with Bill Gates‚Äô Note-Taking method to capture key points, questions, and tasks. With custom integrations, multilingual support, and your Personal Secretary, it enables teams to be 4x productive.",N/A,N/A
Soula Care,https://www.producthunt.com/products/soula-care,"The personalized educational and emotional support virtual assistant harnessing the collective wisdom of the world‚Äôs top birth and parenthood professionals, empowered by cutting-edge AI technology.",https://twitter.com/soulacare,N/A
Wordtune,https://www.producthunt.com/products/wordtune,"Wordtune Chrome extension is an AI-powered writing companion that helps you translate your thoughts into words. Wordtune understands what you are trying to say and provides tailored suggestions to make your writing more clear, compelling, and authentic!",https://twitter.com/wordtune,N/A
Quivr - Your Second Brain,https://www.producthunt.com/products/quivr-your-second-brain,"Quivr is a second brain connected to your data that can interact with the world on your behalf in a knowledgeable, considerate, and trustworthy way.",https://twitter.com/quivr_brain,N/A
Cake,https://www.producthunt.com/products/cakeresume,"Cake provides an easy-to-use resume/CV builder for users who want to build highly customized resumes. By freely dragging and editing templates, users are able to create unique & eye-catching resumes in 10 minutes.
At the same time, we aim to transform Asia into a global hub for technology talents. By building an AI-powered talent search engine and talent matching system, Cake helps enterprises accelerate the recruitment process.",https://twitter.com/cake_me_global,N/A
Siit,https://www.producthunt.com/products/siit,"Siit AI, powered by GPT-4, instantly answers all employees questions based on your internal knowledge bases, Notion and Confluence, directly via Slack and Teams. This is a real revolution in your employee experience.",https://twitter.com/siitapp,N/A
ChatGPT for Chrome Extension,https://www.producthunt.com/products/chatgpt-for-chrome-extension,ChatGPT Chrome Extension is a free Chrome Extension that lets you quickly access OpenAI's ChatGPT on the web. Use this extension to ask anything to ChatGPT. The source code is available on GitHub: https://github.com/kazuki-sf/ChatGPT_Extension,https://twitter.com/_glasp,N/A
Chaindesk,https://www.producthunt.com/products/chaindesk,Chaindesk brings a no-code platform to create custom AI chatbots trained on your data. Our solution makes customer support easy and simplifies team workflow.,https://twitter.com/chaindesk_ai,N/A
Dola: AI Calendar Assistant,https://www.producthunt.com/products/dola,"Easier, smarter, and faster: Dola AI agent calendar assistant turns even the most complicated commands in text, voice messages, or images into clear calendar events right in your messaging app.

It also syncs with your existing calendar!",https://twitter.com/nasnl,N/A
WorkGPT: Combination of ChatGPT & Zapier,https://www.producthunt.com/products/workgpt-combination-of-chatgpt-zapier,"WorkGPT, a chatbot-based platform empowering users to create your very own virtual assistants that work tirelessly. You can seamlessly connect with various tools and applications, enhancing productivity and streamlining tasks effortlessly.",https://twitter.com/workgpt_us,N/A
QuillGenius AI Copywriting Tool,https://www.producthunt.com/products/quillgenius-ai-copywriting-tool,"QuillGenius: Your Writing Helper! Create content, images, and codes, convert speech to text, use text to speak, and chat with AI. Enhance your content easily!",https://twitter.com/quillgenius,N/A
Wysa,https://www.producthunt.com/products/wysa,"Sometimes we get tangled inside our heads, unable to move on. Talking to Wysa can help you get unstuck - it‚Äôs anonymous, helpful, and will never judge. Here‚Äôs a look at what other people use Wysa for üëá üëÇ Vent and talk through things or just reflect on your day üí™ Practice CBT and DBT techniques to build resilience in a fun way üìù Deal with loss, worries, or conflict, using one of 40 conversational coaching tools üíÜüèª Relax, focus and sleep peacefully with the help of 20 mindfulness exercises 93% of the people who talk to Wysa find it helpful. So, go ahead‚Ä¶ talk to Wysa",https://twitter.com/wysabuddy,N/A
ELSA,https://www.producthunt.com/products/elsa,elsaspeak.com was first indexed by Google in March 2016,https://twitter.com/elsa_speak,N/A
Claros,https://www.producthunt.com/products/claros,"Claros is a AI personal shopping assistant that searches the Internet for the best products for YOU. Unlike vast marketplaces like Amazon and Temu, which struggle to offer truly personalized shopping experiences, Claros excels in delivering precisely what you are looking for. It does the research, filters out irrelevant results, and presents you with recommendations that its confident you will like. 

Try it out today!",https://twitter.com/so_claros,N/A
Winn,https://www.producthunt.com/products/winn,"Winn.ai is a real-time sales assistant that joins you in your virtual meetings, captures all the information you need during the call, and auto-populates your CRM with just a click of a button. We handle your sales busywork so you can type less and win more.",https://twitter.com/winn_sales/,N/A
EnkiBot,https://www.producthunt.com/products/enkibot,EnkiBot is the ultimate digital mentor! A personalized bot that teaches you tech and work-related skills in just a few minutes every day. It lives in Slack so no need to go outside of your usual workflow to build new skills and keep track of progress. EnkiBot also uses the latest science in adapting to you with every interaction and over time.,https://twitter.com/enkidevs,N/A
DocsBot AI,https://www.producthunt.com/products/docsbot-ai,"Get instant answers for you, your customers, or your team with AI powered chatbots trained with your content and documentation. Improve the support experience of your customers and the productivity of your team with a custom ChatGPT that knows your business!",https://twitter.com/uglyrobotdev,N/A
Sugar Free: Food Scanner,https://www.producthunt.com/products/sugar-free-food-scanner,"Introducing Sugar Free: Food Scanner ‚Äì More Than Just a Healthy App!

‚óÜ Reveals hidden sugars through label scanning
‚óÜ AI nutritionist guides you
‚óÜ Track progress to overcome sugar addiction
‚óÜ Ultimate lifestyle tool for a healthier you!",https://twitter.com/sugar_free_app,N/A
MindPal,https://www.producthunt.com/products/mindpal,"AI CoPilot for Jobs and Hires

Candidates: AI CoPilot for Job Seekers, Free Forever

Recruiters: Hire for that next role in minutes with Robotic Process Automation and AI/GPT",https://twitter.com/mindpal_co,N/A
Cloud Humans,https://www.producthunt.com/products/claudia,"Say hello to ClaudIA: an AI bot designed to dramatically reduce your customer service load. No tech setup needed ‚Äì she learns from FAQs, interactions and is already integrated with all major helpdesks.",N/A,N/A
The Org,https://www.producthunt.com/products/the-org,The Org is the world's biggest network of public org charts. Join us on our mission to make organizations more transparent!,https://twitter.com/theorgcom,N/A
SaneBox,https://www.producthunt.com/products/sanebox,"SaneBox is the leading email organization tool for 12+ years. Winner of PCMag Editors' Choice winner naming ""It's the top productivity app we've ever reviewed."" Its AI keeps your inbox organized, with lots of features to help you save 3+ hours/week. Works wherever you check email - on all clients and devices.",https://twitter.com/sanebox,N/A
TheLibrarian.io,https://www.producthunt.com/products/the-librarian,"WhatsApp AI Assistant designed to Master Your Inbox, Control Your Schedule, Find Anything You Need ‚Äî so you can focus on what truly matters.

It seamlessly integrates with all your Google Apps (Gmail, Drive, Calendar, Contacts), Slack, and Notion.

Top features include:

1. ùêåùê®ùê´ùêßùê¢ùêßùê† ùêÅùê´ùê¢ùêûùêüùê¨: clear, concise overview of the day ahead.
2. ùêïùê®ùê¢ùêúùêû ùêÇùê®ùê¶ùê¶ùêöùêßùêùùê¨: tap the mic on WhatsApp and dictate your instructions.
3. ùêåùêûùê¶ùê®ùê´ùê¢ùêûùê¨: it remembers everything that's important.",N/A,N/A
Auto-GPT,https://www.producthunt.com/products/auto-gpt,"Auto-GPT is an experimental open-source application showcasing the capabilities of the GPT-4 language model. This program, driven by GPT-4, chains together LLM ""thoughts"", to autonomously achieve whatever goal you set.",N/A,N/A
Chatbox,https://www.producthunt.com/products/chatbox,"Chatbox is a better UI and desktop app for ChatGPT, Claude, and other LLMs, available on Windows, Mac, Linux, and the web. Its open-source version has garnered 15.8K stars‚≠ê on GitHub.",https://twitter.com/benn_huang,N/A
Atlas,https://www.producthunt.com/products/atlas-8,"Atlas is an all-in-one customer support tool that helps agents improve the quality of their support. We do this by bringing sessions recordings, bugs, and outbound emails together in a simple customer dashboard.",N/A,N/A
Pythia World,https://www.producthunt.com/products/pythia-world,"We are developing free AI-based products for founders, product leaders, and marketers. This commitment is driven by our personal journey in the industry ‚Äì we've been there and fully understand the challenges of starting something new. We are staying true to our social mission to bring value to the community we love being part of. Check out our products that empower decision-making through AI-driven chatbots for app recommendations and competitive market analysis.",N/A,N/A
iWand | AI Fashion Stylist,https://www.producthunt.com/products/iwand-style,"The problem is Fashion overload.
Users lack suggestions based on their needs and preferences and must scroll endlessly through items they don't want or like.
Also, their lack of knowledge about fashion confuses them. Emotions, offers, and trends drive Impulse purchases and make wardrobes that were never worn.

iWand provides an AI Stylist as a solution that assists users as a trusted friend in discovering and shopping smarter.",N/A,N/A
AI Anywhere,https://www.producthunt.com/products/ai-anywhere,"AI Anywhere is a software powered by ChatGPT that can help you translate, rephrase, and explain text select from any app, chat about anything, and generate HQ content using best prompts. It works with all apps and websites. Trigger it by hitting Option+Space.",https://twitter.com/useaianywhere,N/A
ResolveAI,https://www.producthunt.com/products/resolveai-2,"Resolve AI transforms your customer support with its Autonomous Agents, capable of drastically cutting down on support inquiries.",https://twitter.com/chaindesk_ai,N/A
Smartly.ai,https://www.producthunt.com/products/smartly-ai,"Smartly.ai‚Äôs recent launches, customer reviews, product updates, discussions, and more on Product Hunt.",N/A,N/A
